-- Disable foreign key checks
set foreign_key_checks = 0;

INSERT INTO user (id, username, avatar, created_time, gender, state, organization_id) VALUES (1, 'admin', 'avatar.jpg', '2023-01-05 17:16:11.000000', 0, 0, 1);
INSERT INTO user (id, username, avatar, created_time, gender, state, organization_id) VALUES (2, 'employee', 'avatar.jpg', '2023-01-05 17:16:11.000000', 1, 0, 3);
INSERT INTO user (id, username, avatar, created_time, gender, state, organization_id) VALUES (3, 'guest', 'avatar.jpg', '2023-01-05 17:16:11.000000', 0, 0, 3);
INSERT INTO user (id, username, avatar, created_time, gender, state, organization_id) VALUES (202, 'Song Jiang', 'avatar.jpg', '2023-01-05 17:16:11.000000', 0, 0, 2);
INSERT INTO user (id, username, avatar, created_time, gender, state, organization_id) VALUES (203, 'Lu Junyi', 'avatar.jpg', '2023-01-05 17:16:11.000000', 0, 0, 2);
INSERT INTO user (id, username, avatar, created_time, gender, state, organization_id) VALUES (204, 'Wu Yong', 'avatar.jpg', '2023-01-05 17:16:11.000000', 0, 0, 2);
INSERT INTO user (id, username, avatar, created_time, gender, state, organization_id) VALUES (205, 'Gongsun Sheng', 'avatar.jpg', '2023-01-05 17:16:11.000000', 0, 0, 2);
INSERT INTO user (id, username, avatar, created_time, gender, state, organization_id) VALUES (206, 'Guan Sheng', 'avatar.jpg', '2023-01-05 17:16:11.000000', 0, 0, 2);
INSERT INTO user (id, username, avatar, created_time, gender, state, organization_id) VALUES (207, 'Lin Chong', 'avatar.jpg', '2023-01-05 17:16:11.000000', 0, 0, 2);
INSERT INTO user (id, username, avatar, created_time, gender, state, organization_id) VALUES (208, 'Qin Ming', 'avatar.jpg', '2023-01-05 17:16:11.000000', 0, 0, 2);
INSERT INTO user (id, username, avatar, created_time, gender, state, organization_id) VALUES (209, 'Huyan Zhuo', 'avatar.jpg', '2023-01-05 17:16:11.000000', 0, 1, 2);
INSERT INTO user (id, username, avatar, created_time, gender, state, organization_id) VALUES (210, 'Hua Rong', 'avatar.jpg', '2023-01-05 17:16:11.000000', 0, 1, 2);
INSERT INTO user (id, username, avatar, created_time, gender, state, organization_id) VALUES (211, 'Chai Jin', 'avatar.jpg', '2023-01-05 17:16:11.000000', 0, 1, 2);
INSERT INTO user (id, username, avatar, created_time, gender, state, organization_id) VALUES (212, 'Li Ying', 'avatar.jpg', '2023-01-05 17:16:11.000000', 0, 1, 2);
INSERT INTO user (id, username, avatar, created_time, gender, state, organization_id) VALUES (213, 'Zhu Tong', 'avatar.jpg', '2023-01-05 17:16:11.000000', 0, 0, 2);
INSERT INTO user (id, username, avatar, created_time, gender, state, organization_id) VALUES (214, 'Lu Zhishen', 'avatar.jpg', '2023-01-05 17:16:11.000000', 0, 0, 2);
INSERT INTO user (id, username, avatar, created_time, gender, state, organization_id) VALUES (215, 'Wu Song', 'avatar.jpg', '2023-01-05 17:16:11.000000', 0, 0, 2);
INSERT INTO user (id, username, avatar, created_time, gender, state, organization_id) VALUES (216, 'Dong Ping', 'avatar.jpg', '2023-01-05 17:16:11.000000', 0, 0, 2);
INSERT INTO user (id, username, avatar, created_time, gender, state, organization_id) VALUES (217, 'Zhang Qing', 'avatar.jpg', '2023-01-05 17:16:11.000000', 0, 0, 2);
INSERT INTO user (id, username, avatar, created_time, gender, state, organization_id) VALUES (218, 'Yang Zhi', 'avatar.jpg', '2023-01-05 17:16:11.000000', 0, 0, 2);
INSERT INTO user (id, username, avatar, created_time, gender, state, organization_id) VALUES (219, 'Xu Ning', 'avatar.jpg', '2023-01-05 17:16:11.000000', 0, 0, 2);
INSERT INTO user (id, username, avatar, created_time, gender, state, organization_id) VALUES (220, 'Suo Chao', 'avatar.jpg', '2023-01-05 17:16:11.000000', 0, 0, 2);
INSERT INTO user (id, username, avatar, created_time, gender, state, organization_id) VALUES (221, 'Dai Zong', 'avatar.jpg', '2023-01-05 17:16:11.000000', 0, 0, 2);
INSERT INTO user (id, username, avatar, created_time, gender, state, organization_id) VALUES (222, 'Liu Tang', 'avatar.jpg', '2023-01-05 17:16:11.000000', 0, 0, 2);
INSERT INTO user (id, username, avatar, created_time, gender, state, organization_id) VALUES (223, 'Li Kui', 'avatar.jpg', '2023-01-05 17:16:11.000000', 0, 0, 2);
INSERT INTO user (id, username, avatar, created_time, gender, state, organization_id) VALUES (224, 'Shi Jin', 'avatar.jpg', '2023-01-05 17:16:11.000000', 0, 0, 2);
INSERT INTO user (id, username, avatar, created_time, gender, state, organization_id) VALUES (225, 'Mu Hong', 'avatar.jpg', '2023-01-05 17:16:11.000000', 0, 0, 2);
INSERT INTO user (id, username, avatar, created_time, gender, state, organization_id) VALUES (226, 'Lei Heng', 'avatar.jpg', '2023-01-05 17:16:11.000000', 0, 0, 2);
INSERT INTO user (id, username, avatar, created_time, gender, state, organization_id) VALUES (227, 'Li Jun', 'avatar.jpg', '2023-01-05 17:16:11.000000', 0, 0, 2);
INSERT INTO user (id, username, avatar, created_time, gender, state, organization_id) VALUES (228, 'Ruan Xiaoer', 'avatar.jpg', '2023-01-05 17:16:11.000000', 0, 0, 2);
INSERT INTO user (id, username, avatar, created_time, gender, state, organization_id) VALUES (229, 'Zhang Heng', 'avatar.jpg', '2023-01-05 17:16:11.000000', 0, 0, 2);
INSERT INTO user (id, username, avatar, created_time, gender, state, organization_id) VALUES (230, 'Ruan Xiaowu', 'avatar.jpg', '2023-01-05 17:16:11.000000', 0, 0, 2);
INSERT INTO user (id, username, avatar, created_time, gender, state, organization_id) VALUES (231, 'Zhang Shun', 'avatar.jpg', '2023-01-05 17:16:11.000000', 0, 0, 2);
INSERT INTO user (id, username, avatar, created_time, gender, state, organization_id) VALUES (232, 'Ruan Xiaoqi', 'avatar.jpg', '2023-01-05 17:16:11.000000', 0, 0, 2);
INSERT INTO user (id, username, avatar, created_time, gender, state, organization_id) VALUES (233, 'Yang Xiong', 'avatar.jpg', '2023-01-05 17:16:11.000000', 0, 0, 2);
INSERT INTO user (id, username, avatar, created_time, gender, state, organization_id) VALUES (234, 'Shi Xiu', 'avatar.jpg', '2023-01-05 17:16:11.000000', 0, 0, 2);
INSERT INTO user (id, username, avatar, created_time, gender, state, organization_id) VALUES (235, 'Xie Zhen', 'avatar.jpg', '2023-01-05 17:16:11.000000', 0, 0, 2);
INSERT INTO user (id, username, avatar, created_time, gender, state, organization_id) VALUES (236, 'Xie Bao', 'avatar.jpg', '2023-01-05 17:16:11.000000', 0, 0, 2);
INSERT INTO user (id, username, avatar, created_time, gender, state, organization_id) VALUES (237, 'Yan Qing', 'avatar.jpg', '2023-01-05 17:16:11.000000', 0, 0, 2);
INSERT INTO user (id, username, avatar, created_time, gender, state, organization_id) VALUES (238, 'Zhu Wu', 'avatar.jpg', '2023-01-05 17:16:11.000000', 0, 0, 2);
INSERT INTO user (id, username, avatar, created_time, gender, state, organization_id) VALUES (239, 'Huang Xin', 'avatar.jpg', '2023-01-05 17:16:11.000000', 0, 0, 2);
INSERT INTO user (id, username, avatar, created_time, gender, state, organization_id) VALUES (240, 'Sun Li', 'avatar.jpg', '2023-01-05 17:16:11.000000', 0, 0, 2);
INSERT INTO user (id, username, avatar, created_time, gender, state, organization_id) VALUES (241, 'Xuan Zan', 'avatar.jpg', '2023-01-05 17:16:11.000000', 0, 0, 2);
INSERT INTO user (id, username, avatar, created_time, gender, state, organization_id) VALUES (242, 'Hao Siwen', 'avatar.jpg', '2023-01-05 17:16:11.000000', 0, 0, 2);
INSERT INTO user (id, username, avatar, created_time, gender, state, organization_id) VALUES (243, 'Han Tao', 'avatar.jpg', '2023-01-05 17:16:11.000000', 0, 0, 2);
INSERT INTO user (id, username, avatar, created_time, gender, state, organization_id) VALUES (244, 'Peng Qi', 'avatar.jpg', '2023-01-05 17:16:11.000000', 0, 0, 2);
INSERT INTO user (id, username, avatar, created_time, gender, state, organization_id) VALUES (245, 'Shan Tinggui', 'avatar.jpg', '2023-01-05 17:16:11.000000', 0, 0, 2);
INSERT INTO user (id, username, avatar, created_time, gender, state, organization_id) VALUES (246, 'Wei Dingguo', 'avatar.jpg', '2023-01-05 17:16:11.000000', 0, 0, 2);
INSERT INTO user (id, username, avatar, created_time, gender, state, organization_id) VALUES (247, 'Xiao Rang', 'avatar.jpg', '2023-01-05 17:16:11.000000', 0, 0, 2);
INSERT INTO user (id, username, avatar, created_time, gender, state, organization_id) VALUES (248, 'Pei Xuan', 'avatar.jpg', '2023-01-05 17:16:11.000000', 0, 0, 2);
INSERT INTO user (id, username, avatar, created_time, gender, state, organization_id) VALUES (249, 'Ou Peng', 'avatar.jpg', '2023-01-05 17:16:11.000000', 0, 0, 2);
INSERT INTO user (id, username, avatar, created_time, gender, state, organization_id) VALUES (250, 'Deng Fei', 'avatar.jpg', '2023-01-05 17:16:11.000000', 0, 0, 2);
INSERT INTO user (id, username, avatar, created_time, gender, state, organization_id) VALUES (251, 'Yan Shun', 'avatar.jpg', '2023-01-05 17:16:11.000000', 0, 0, 2);
INSERT INTO user (id, username, avatar, created_time, gender, state, organization_id) VALUES (252, 'Yang Lin', 'avatar.jpg', '2023-01-05 17:16:11.000000', 0, 0, 2);
INSERT INTO user (id, username, avatar, created_time, gender, state, organization_id) VALUES (253, 'Ling Zhen', 'avatar.jpg', '2023-01-05 17:16:11.000000', 0, 0, 2);
INSERT INTO user (id, username, avatar, created_time, gender, state, organization_id) VALUES (254, 'Jiang Jing', 'avatar.jpg', '2023-01-05 17:16:11.000000', 0, 0, 2);
INSERT INTO user (id, username, avatar, created_time, gender, state, organization_id) VALUES (255, 'Lu Fang', 'avatar.jpg', '2023-01-05 17:16:11.000000', 0, 0, 2);
INSERT INTO user (id, username, avatar, created_time, gender, state, organization_id) VALUES (256, 'Guo Sheng', 'avatar.jpg', '2023-01-05 17:16:11.000000', 0, 0, 2);
INSERT INTO user (id, username, avatar, created_time, gender, state, organization_id) VALUES (257, 'An Daoquan', 'avatar.jpg', '2023-01-05 17:16:11.000000', 0, 0, 2);
INSERT INTO user (id, username, avatar, created_time, gender, state, organization_id) VALUES (258, 'Huangfu Duan', 'avatar.jpg', '2023-01-05 17:16:11.000000', 0, 0, 2);
INSERT INTO user (id, username, avatar, created_time, gender, state, organization_id) VALUES (259, 'Wang Ying', 'avatar.jpg', '2023-01-05 17:16:11.000000', 0, 0, 2);
INSERT INTO user (id, username, avatar, created_time, gender, state, organization_id) VALUES (260, 'Hu Sanniang', 'avatar.jpg', '2023-01-05 17:16:11.000000', 1, 0, 2);
INSERT INTO user (id, username, avatar, created_time, gender, state, organization_id) VALUES (261, 'Bao Xu', 'avatar.jpg', '2023-01-05 17:16:11.000000', 0, 0, 2);
INSERT INTO user (id, username, avatar, created_time, gender, state, organization_id) VALUES (262, 'Fan Rui', 'avatar.jpg', '2023-01-05 17:16:11.000000', 0, 0, 2);
INSERT INTO user (id, username, avatar, created_time, gender, state, organization_id) VALUES (263, 'Kong Ming', 'avatar.jpg', '2023-01-05 17:16:11.000000', 0, 0, 2);
INSERT INTO user (id, username, avatar, created_time, gender, state, organization_id) VALUES (264, 'Kong Liang', 'avatar.jpg', '2023-01-05 17:16:11.000000', 0, 0, 2);
INSERT INTO user (id, username, avatar, created_time, gender, state, organization_id) VALUES (265, 'Xiang Chong', 'avatar.jpg', '2023-01-05 17:16:11.000000', 0, 0, 2);
INSERT INTO user (id, username, avatar, created_time, gender, state, organization_id) VALUES (266, 'Li Gun', 'avatar.jpg', '2023-01-05 17:16:11.000000', 0, 0, 2);
INSERT INTO user (id, username, avatar, created_time, gender, state, organization_id) VALUES (267, 'Jin Dajian', 'avatar.jpg', '2023-01-05 17:16:11.000000', 0, 0, 2);
INSERT INTO user (id, username, avatar, created_time, gender, state, organization_id) VALUES (268, 'Ma Lin', 'avatar.jpg', '2023-01-05 17:16:11.000000', 0, 0, 2);
INSERT INTO user (id, username, avatar, created_time, gender, state, organization_id) VALUES (269, 'Tong Wei', 'avatar.jpg', '2023-01-05 17:16:11.000000', 0, 0, 2);
INSERT INTO user (id, username, avatar, created_time, gender, state, organization_id) VALUES (270, 'Tong Meng', 'avatar.jpg', '2023-01-05 17:16:11.000000', 0, 0, 2);
INSERT INTO user (id, username, avatar, created_time, gender, state, organization_id) VALUES (271, 'Meng Kang', 'avatar.jpg', '2023-01-05 17:16:11.000000', 0, 0, 2);
INSERT INTO user (id, username, avatar, created_time, gender, state, organization_id) VALUES (272, 'Hou Jian', 'avatar.jpg', '2023-01-05 17:16:11.000000', 0, 0, 2);
INSERT INTO user (id, username, avatar, created_time, gender, state, organization_id) VALUES (273, 'Chen Da', 'avatar.jpg', '2023-01-05 17:16:11.000000', 0, 0, 2);
INSERT INTO user (id, username, avatar, created_time, gender, state, organization_id) VALUES (274, 'Yang Chun', 'avatar.jpg', '2023-01-05 17:16:11.000000', 0, 0, 2);
INSERT INTO user (id, username, avatar, created_time, gender, state, organization_id) VALUES (275, 'Zheng Tianshou', 'avatar.jpg', '2023-01-05 17:16:11.000000', 0, 0, 2);
INSERT INTO user (id, username, avatar, created_time, gender, state, organization_id) VALUES (276, 'Tao Zongwang', 'avatar.jpg', '2023-01-05 17:16:11.000000', 0, 0, 2);
INSERT INTO user (id, username, avatar, created_time, gender, state, organization_id) VALUES (277, 'Song Qing', 'avatar.jpg', '2023-01-05 17:16:11.000000', 0, 0, 2);
INSERT INTO user (id, username, avatar, created_time, gender, state, organization_id) VALUES (278, 'Yue He', 'avatar.jpg', '2023-01-05 17:16:11.000000', 0, 0, 2);
INSERT INTO user (id, username, avatar, created_time, gender, state, organization_id) VALUES (279, 'Gong Wang', 'avatar.jpg', '2023-01-05 17:16:11.000000', 0, 0, 2);
INSERT INTO user (id, username, avatar, created_time, gender, state, organization_id) VALUES (280, 'Ding Desun', 'avatar.jpg', '2023-01-05 17:16:11.000000', 0, 0, 2);
INSERT INTO user (id, username, avatar, created_time, gender, state, organization_id) VALUES (281, 'Mu Chun', 'avatar.jpg', '2023-01-05 17:16:11.000000', 0, 0, 2);
INSERT INTO user (id, username, avatar, created_time, gender, state, organization_id) VALUES (282, 'Cao Zheng', 'avatar.jpg', '2023-01-05 17:16:11.000000', 0, 0, 2);
INSERT INTO user (id, username, avatar, created_time, gender, state, organization_id) VALUES (283, 'Song Wan', 'avatar.jpg', '2023-01-05 17:16:11.000000', 0, 0, 2);
INSERT INTO user (id, username, avatar, created_time, gender, state, organization_id) VALUES (284, 'Du Qian', 'avatar.jpg', '2023-01-05 17:16:11.000000', 0, 0, 2);
INSERT INTO user (id, username, avatar, created_time, gender, state, organization_id) VALUES (285, 'Xue Yong', 'avatar.jpg', '2023-01-05 17:16:11.000000', 0, 0, 2);
INSERT INTO user (id, username, avatar, created_time, gender, state, organization_id) VALUES (286, 'Shi En', 'avatar.jpg', '2023-01-05 17:16:11.000000', 0, 0, 2);
INSERT INTO user (id, username, avatar, created_time, gender, state, organization_id) VALUES (287, 'Li Zhong', 'avatar.jpg', '2023-01-05 17:16:11.000000', 0, 0, 2);
INSERT INTO user (id, username, avatar, created_time, gender, state, organization_id) VALUES (288, 'Zhou Tong', 'avatar.jpg', '2023-01-05 17:16:11.000000', 0, 0, 2);
INSERT INTO user (id, username, avatar, created_time, gender, state, organization_id) VALUES (289, 'Tang Long', 'avatar.jpg', '2023-01-05 17:16:11.000000', 0, 0, 2);
INSERT INTO user (id, username, avatar, created_time, gender, state, organization_id) VALUES (290, 'Du Xing', 'avatar.jpg', '2023-01-05 17:16:11.000000', 0, 0, 2);
INSERT INTO user (id, username, avatar, created_time, gender, state, organization_id) VALUES (291, 'Zou Yuan', 'avatar.jpg', '2023-01-05 17:16:11.000000', 0, 0, 2);
INSERT INTO user (id, username, avatar, created_time, gender, state, organization_id) VALUES (292, 'Zou Run', 'avatar.jpg', '2023-01-05 17:16:11.000000', 0, 0, 2);
INSERT INTO user (id, username, avatar, created_time, gender, state, organization_id) VALUES (293, 'Zhu Gui', 'avatar.jpg', '2023-01-05 17:16:11.000000', 0, 0, 2);
INSERT INTO user (id, username, avatar, created_time, gender, state, organization_id) VALUES (294, 'Zhu Fu', 'avatar.jpg', '2023-01-05 17:16:11.000000', 0, 0, 2);
INSERT INTO user (id, username, avatar, created_time, gender, state, organization_id) VALUES (295, 'Cai Fu', 'avatar.jpg', '2023-01-05 17:16:11.000000', 0, 0, 2);
INSERT INTO user (id, username, avatar, created_time, gender, state, organization_id) VALUES (296, 'Cai Qing', 'avatar.jpg', '2023-01-05 17:16:11.000000', 0, 0, 2);
INSERT INTO user (id, username, avatar, created_time, gender, state, organization_id) VALUES (297, 'Li Li', 'avatar.jpg', '2023-01-05 17:16:11.000000', 0, 0, 2);
INSERT INTO user (id, username, avatar, created_time, gender, state, organization_id) VALUES (298, 'Li Yun', 'avatar.jpg', '2023-01-05 17:16:11.000000', 0, 0, 2);
INSERT INTO user (id, username, avatar, created_time, gender, state, organization_id) VALUES (299, 'Jiao Ting', 'avatar.jpg', '2023-01-05 17:16:11.000000', 0, 0, 2);
INSERT INTO user (id, username, avatar, created_time, gender, state, organization_id) VALUES (300, 'Shi Yong', 'avatar.jpg', '2023-01-05 17:16:11.000000', 0, 0, 2);
INSERT INTO user (id, username, avatar, created_time, gender, state, organization_id) VALUES (301, 'Sun Xin', 'avatar.jpg', '2023-01-05 17:16:11.000000', 0, 0, 2);
INSERT INTO user (id, username, avatar, created_time, gender, state, organization_id) VALUES (302, 'Gu Dasao', 'avatar.jpg', '2023-01-05 17:16:11.000000', 1, 0, 2);
INSERT INTO user (id, username, avatar, created_time, gender, state, organization_id) VALUES (303, 'Zhang Qing', 'avatar.jpg', '2023-01-05 17:16:11.000000', 0, 0, 2);
INSERT INTO user (id, username, avatar, created_time, gender, state, organization_id) VALUES (304, 'Sun Erniang', 'avatar.jpg', '2023-01-05 17:16:11.000000', 1, 0, 2);
INSERT INTO user (id, username, avatar, created_time, gender, state, organization_id) VALUES (305, 'Wang Dingliu', 'avatar.jpg', '2023-01-05 17:16:11.000000', 0, 0, 2);
INSERT INTO user (id, username, avatar, created_time, gender, state, organization_id) VALUES (306, 'Yu Baosi', 'avatar.jpg', '2023-01-05 17:16:11.000000', 0, 0, 2);
INSERT INTO user (id, username, avatar, created_time, gender, state, organization_id) VALUES (307, 'Bai Sheng', 'avatar.jpg', '2023-01-05 17:16:11.000000', 0, 0, 2);
INSERT INTO user (id, username, avatar, created_time, gender, state, organization_id) VALUES (308, 'Shi Qian', 'avatar.jpg', '2023-01-05 17:16:11.000000', 0, 0, 2);
INSERT INTO user (id, username, avatar, created_time, gender, state, organization_id) VALUES (309, 'Duan Jingzhu', 'avatar.jpg', '2023-01-05 17:16:11.000000', 0, 0, 2);

INSERT INTO user_credential (id, credential, identifier, identity_type, user_id) VALUES (1, 'a66abb5684c45962d887564f08346e8d', 'admin', 0, 1);
INSERT INTO user_credential (id, credential, identifier, identity_type, user_id) VALUES (2, '9c0967753a201ecde21ef29efa514761', 'employee', 0, 2);
INSERT INTO user_credential (id, credential, identifier, identity_type, user_id) VALUES (3, 'fe4ceeb01d43a6c29d8f4fe93313c6c1', 'guest', 0, 3);

INSERT INTO organization (id, name, parent_ids, type, parent_id) VALUES (1, 'Root Node', '/', 0, null);
INSERT INTO organization (id, name, parent_ids, type, parent_id) VALUES (2, 'Water Margin', '/1/', 0, 1);
INSERT INTO organization (id, name, parent_ids, type, parent_id) VALUES (3, 'Test Accounts', '/1/', 0, 1);

INSERT INTO role (id, available, description, name) VALUES (1, true, 'Super admin can manage all users in the enterprise, please modify super admin privileges with caution', 'Super Admin');
INSERT INTO role (id, available, description, name) VALUES (2, true, 'Project Developer', 'Developer');
INSERT INTO role (id, available, description, name) VALUES (3, true, 'Regular User', 'Regular User');
INSERT INTO role (id, available, description, name) VALUES (4, false, 'View-only role', 'Guest');

INSERT INTO user_role (user_id, role_id) VALUES (1, 1);
INSERT INTO user_role (user_id, role_id) VALUES (2, 2);
INSERT INTO user_role (user_id, role_id) VALUES (3, 4);
INSERT INTO user_role (user_id, role_id) VALUES (202, 2);
INSERT INTO user_role (user_id, role_id) VALUES (203, 1);
INSERT INTO user_role (user_id, role_id) VALUES (203, 3);
INSERT INTO user_role (user_id, role_id) VALUES (204, 3);
INSERT INTO user_role (user_id, role_id) VALUES (205, 3);
INSERT INTO user_role (user_id, role_id) VALUES (206, 3);
INSERT INTO user_role (user_id, role_id) VALUES (207, 3);
INSERT INTO user_role (user_id, role_id) VALUES (208, 3);
INSERT INTO user_role (user_id, role_id) VALUES (209, 3);
INSERT INTO user_role (user_id, role_id) VALUES (210, 3);
INSERT INTO user_role (user_id, role_id) VALUES (211, 3);
INSERT INTO user_role (user_id, role_id) VALUES (212, 3);
INSERT INTO user_role (user_id, role_id) VALUES (302, 2);



INSERT INTO resource (id, icon, name, parent_ids, permission, type, url, parent_id) VALUES (1, null, 'Root Node', null, '*', null, null, null);
INSERT INTO resource (id, icon, name, parent_ids, permission, type, url, parent_id) VALUES (2, 'Odometer', 'Dashboard', null, 'dashboard', 0, '/dashboard', 1);
INSERT INTO resource (id, icon, name, parent_ids, permission, type, url, parent_id) VALUES (3, 'SetUp', 'System Management', null, 'sys', 0, '/sys', 1);
INSERT INTO resource (id, icon, name, parent_ids, permission, type, url, parent_id) VALUES (4, 'User', 'User Management', null, 'user:view', 0, '/users', 3);
INSERT INTO resource (id, icon, name, parent_ids, permission, type, url, parent_id) VALUES (5, 'Tickets', 'Role Management', null, 'role:view', 0, '/roles', 3);
INSERT INTO resource (id, icon, name, parent_ids, permission, type, url, parent_id) VALUES (6, 'Collection', 'Permission Resources', null, 'resource:view', 0, '/resources', 3);
INSERT INTO resource (id, icon, name, parent_ids, permission, type, url, parent_id) VALUES (7, null, 'View User', null, 'user:view', 1, null, 4);
INSERT INTO resource (id, icon, name, parent_ids, permission, type, url, parent_id) VALUES (8, null, 'Add User', null, 'user:create', 1, null, 4);
INSERT INTO resource (id, icon, name, parent_ids, permission, type, url, parent_id) VALUES (9, null, 'Update User', null, 'user:update', 1, null, 4);
INSERT INTO resource (id, icon, name, parent_ids, permission, type, url, parent_id) VALUES (10, null, 'Delete User', null, 'user:delete', 1, null, 4);
INSERT INTO resource (id, icon, name, parent_ids, permission, type, url, parent_id) VALUES (11, null, 'View Role', null, 'role:view', 1, null, 5);
INSERT INTO resource (id, icon, name, parent_ids, permission, type, url, parent_id) VALUES (12, null, 'Add Role', null, 'role:create', 1, null, 5);
INSERT INTO resource (id, icon, name, parent_ids, permission, type, url, parent_id) VALUES (13, null, 'Update Role', null, 'role:update', 1, null, 5);
INSERT INTO resource (id, icon, name, parent_ids, permission, type, url, parent_id) VALUES (14, null, 'Delete Role', null, 'role:delete', 1, null, 5);
INSERT INTO resource (id, icon, name, parent_ids, permission, type, url, parent_id) VALUES (15, null, 'View Resource', null, 'resource:view', 1, null, 6);
INSERT INTO resource (id, icon, name, parent_ids, permission, type, url, parent_id) VALUES (16, null, 'Add Resource', null, 'resource:create', 1, null, 6);
INSERT INTO resource (id, icon, name, parent_ids, permission, type, url, parent_id) VALUES (17, null, 'Update Resource', null, 'resource:update', 1, null, 6);
INSERT INTO resource (id, icon, name, parent_ids, permission, type, url, parent_id) VALUES (18, null, 'Delete Resource', null, 'resource:delete', 1, null, 6);
INSERT INTO resource (id, icon, name, parent_ids, permission, type, url, parent_id) VALUES (19, null, 'Add Organization', null, 'organization:create', 1, null, 4);
INSERT INTO resource (id, icon, name, parent_ids, permission, type, url, parent_id) VALUES (20, null, 'Update Organization', null, 'organization:update', 1, null, 4);
INSERT INTO resource (id, icon, name, parent_ids, permission, type, url, parent_id) VALUES (21, null, 'Delete Organization', null, 'organization:delete', 1, null, 4);
INSERT INTO resource (id, icon, name, parent_ids, permission, type, url, parent_id) VALUES (22, 'Timer', 'Operation Logs', null, 'log:view', 0, '/logs', 3);
INSERT INTO resource (id, icon, name, parent_ids, permission, type, url, parent_id) VALUES (23, null, 'Clean Logs', null, 'log:clean', 1, null, 22);
INSERT INTO resource (id, icon, name, parent_ids, permission, type, url, parent_id) VALUES (24, null, 'View Logs', null, 'log:view', 1, null, 22);
INSERT INTO resource (id, icon, name, parent_ids, permission, type, url, parent_id) VALUES (25, 'Files', 'Object Storage', null, 'storage:view', 0, '/storage', 3);
INSERT INTO resource (id, icon, name, parent_ids, permission, type, url, parent_id) VALUES (26, null, 'View Object Storage', null, 'storage:view', 1, null, 25);
INSERT INTO resource (id, icon, name, parent_ids, permission, type, url, parent_id) VALUES (27, null, 'Add Object Storage', null, 'storage:create', 1, null, 25);
INSERT INTO resource (id, icon, name, parent_ids, permission, type, url, parent_id) VALUES (28, null, 'Update Object Storage', null, 'storage:update', 1, null, 25);
INSERT INTO resource (id, icon, name, parent_ids, permission, type, url, parent_id) VALUES (29, null, 'Delete Object Storage', null, 'storage:delete', 1, null, 25);
INSERT INTO resource (id, icon, name, parent_ids, permission, type, url, parent_id) VALUES (30, null, 'Set Default Storage', null, 'storage:markAsDefault', 1, null, 25);


INSERT INTO role_resource (role_id, resource_id) VALUES (1, 2);
INSERT INTO role_resource (role_id, resource_id) VALUES (1, 3);
INSERT INTO role_resource (role_id, resource_id) VALUES (1, 4);
INSERT INTO role_resource (role_id, resource_id) VALUES (1, 5);
INSERT INTO role_resource (role_id, resource_id) VALUES (1, 6);
INSERT INTO role_resource (role_id, resource_id) VALUES (1, 7);
INSERT INTO role_resource (role_id, resource_id) VALUES (1, 8);
INSERT INTO role_resource (role_id, resource_id) VALUES (1, 9);
INSERT INTO role_resource (role_id, resource_id) VALUES (1, 10);
INSERT INTO role_resource (role_id, resource_id) VALUES (1, 11);
INSERT INTO role_resource (role_id, resource_id) VALUES (1, 12);
INSERT INTO role_resource (role_id, resource_id) VALUES (1, 13);
INSERT INTO role_resource (role_id, resource_id) VALUES (1, 14);
INSERT INTO role_resource (role_id, resource_id) VALUES (1, 15);
INSERT INTO role_resource (role_id, resource_id) VALUES (1, 16);
INSERT INTO role_resource (role_id, resource_id) VALUES (1, 17);
INSERT INTO role_resource (role_id, resource_id) VALUES (1, 18);
INSERT INTO role_resource (role_id, resource_id) VALUES (1, 19);
INSERT INTO role_resource (role_id, resource_id) VALUES (1, 20);
INSERT INTO role_resource (role_id, resource_id) VALUES (1, 21);
INSERT INTO role_resource (role_id, resource_id) VALUES (1, 22);
INSERT INTO role_resource (role_id, resource_id) VALUES (1, 23);
INSERT INTO role_resource (role_id, resource_id) VALUES (1, 24);
INSERT INTO role_resource (role_id, resource_id) VALUES (1, 25);
INSERT INTO role_resource (role_id, resource_id) VALUES (1, 26);
INSERT INTO role_resource (role_id, resource_id) VALUES (1, 27);
INSERT INTO role_resource (role_id, resource_id) VALUES (1, 28);
INSERT INTO role_resource (role_id, resource_id) VALUES (1, 29);
INSERT INTO role_resource (role_id, resource_id) VALUES (1, 30);
INSERT INTO role_resource (role_id, resource_id) VALUES (2, 2);
INSERT INTO role_resource (role_id, resource_id) VALUES (2, 3);
INSERT INTO role_resource (role_id, resource_id) VALUES (2, 6);
INSERT INTO role_resource (role_id, resource_id) VALUES (2, 15);
INSERT INTO role_resource (role_id, resource_id) VALUES (2, 16);
INSERT INTO role_resource (role_id, resource_id) VALUES (2, 17);
INSERT INTO role_resource (role_id, resource_id) VALUES (2, 18);
INSERT INTO role_resource (role_id, resource_id) VALUES (2, 22);
INSERT INTO role_resource (role_id, resource_id) VALUES (2, 23);
INSERT INTO role_resource (role_id, resource_id) VALUES (2, 24);
INSERT INTO role_resource (role_id, resource_id) VALUES (2, 25);
INSERT INTO role_resource (role_id, resource_id) VALUES (2, 26);
INSERT INTO role_resource (role_id, resource_id) VALUES (2, 27);
INSERT INTO role_resource (role_id, resource_id) VALUES (2, 28);
INSERT INTO role_resource (role_id, resource_id) VALUES (2, 29);
INSERT INTO role_resource (role_id, resource_id) VALUES (2, 30);
INSERT INTO role_resource (role_id, resource_id) VALUES (3, 2);
INSERT INTO role_resource (role_id, resource_id) VALUES (4, 2);
INSERT INTO role_resource (role_id, resource_id) VALUES (4, 3);
INSERT INTO role_resource (role_id, resource_id) VALUES (4, 4);
INSERT INTO role_resource (role_id, resource_id) VALUES (4, 5);
INSERT INTO role_resource (role_id, resource_id) VALUES (4, 6);
INSERT INTO role_resource (role_id, resource_id) VALUES (4, 7);
INSERT INTO role_resource (role_id, resource_id) VALUES (4, 11);
INSERT INTO role_resource (role_id, resource_id) VALUES (4, 15);

INSERT INTO storage_config (type, id, is_default, name, address, storage_path, access_key, bucket_name, endpoint, secret_key, create_time, create_user, storage_id) VALUES (0, 1, true, 'Local', 'storage/fetch/', 'files', null, null, null, null, '2023-07-10 17:00:48.000000', 'admin', 'SsIPzgpd9rFgxJhe3yUxk');

-- Enable foreign key checks
set foreign_key_checks = 1;
